<!--
  ~ Copyright 2018. AppDynamics LLC and its affiliates.
  ~ All Rights Reserved.
  ~ This is unpublished proprietary source code of AppDynamics LLC and its affiliates.
  ~ The copyright notice above does not evidence any actual or intended publication of such source code.
  -->

<!--
aggregationType = AVERAGE | SUM | OBSERVATION
timeRollUpType = AVERAGE | SUM | CURRENT
clusterRollUpType = INDIVIDUAL | COLLECTIVE
-->
<!--
Set delta = true for metric to report per-min data
-->
<stats>
    <!-- Items in Queues|<queue-name> - data looked up from /queues?api-version=2017-04-01-->
    <stat url="/$Resources/Queues?api-version=2013-07" alias="Queues" filter-name="nodes" children="entries">
        <naming use-entry-name="true"/>
        <metric attr="LockDuration" alias="lockDuration" aggregationType = "AVERAGE" timeRollUpType = "AVERAGE" clusterRollUpType = "INDIVIDUAL">

        </metric>

        <metric attr="MaxSizeInMegabytes" alias="maxSizeInMegabytes" aggregationType = "OBSERVATION" timeRollUpType = "CURRENT" clusterRollUpType = "COLLECTIVE"/>
        <metric attr="RequiresSession" alias="requiresSession" aggregationType = "AVERAGE" timeRollUpType = "AVERAGE" clusterRollUpType = "INDIVIDUAL"/>
        <metric attr="MaxDeliveryCount" alias="maxDeliveryCount" aggregationType = "OBSERVATION" timeRollUpType = "CURRENT" clusterRollUpType = "COLLECTIVE"/>
        <metric attr="SizeInBytes" alias="sizeInBytes" aggregationType = "AVERAGE" timeRollUpType = "AVERAGE" clusterRollUpType = "COLLECTIVE"/>
        <metric attr="MessageCount" alias="messageCount" aggregationType = "OBSERVATION" timeRollUpType = "CURRENT" clusterRollUpType = "COLLECTIVE"/>
        <metric attr="Status" alias="status" aggregationType = "AVERAGE" timeRollUpType = "AVERAGE" clusterRollUpType = "COLLECTIVE">
            <convert str="Active" value="1"/>
            <convert str="UP" value="0"/>
            <convert str="UNKNOWN" value="2"/>
        </metric>
    </stat>

<!--    <stat url="/topics?api-version=2017-04-01" alias="Topics" filter-name="nodes" children="entries">-->
<!--    </stat>-->

</stats>